Id,Donation,Colour
1,1000,Gold
2,500,Grey
3,200,Grey
4,200,Grey
5,200,Grey
6,200,Grey
7,100,Grey
8,100,Grey
9,100,Grey
10,100,Grey
11,100,Grey
12,100,Grey
13,100,Grey
14,100,Grey
15,100,Grey
16,100,Grey
17,100,Grey
18,100,Grey
19,100,Grey
20,100,Grey
21,100,Grey
22,100,Grey
23,100,Grey
24,0,Lightgrey
25,0,Lightgrey
26,0,Lightgrey
27,0,Lightgrey
28,0,Lightgrey
29,0,Lightgrey
30,0,Lightgrey
31,0,Lightgrey
32,0,Lightgrey
33,0,Lightgrey
34,0,Lightgrey
35,0,Lightgrey
36,0,Lightgrey
37,0,Lightgrey
38,0,Lightgrey
39,0,Lightgrey
40,0,Lightgrey
41,0,Lightgrey
42,0,Lightgrey
43,0,Lightgrey
44,0,Lightgrey
45,0,Lightgrey
46,0,Lightgrey
47,0,Lightgrey
48,0,Lightgrey
49,0,Lightgrey
50,0,Lightgrey
51,0,Lightgrey
52,0,Lightgrey
53,0,Lightgrey
54,0,Lightgrey
55,0,Lightgrey
56,0,Lightgrey
57,0,Lightgrey
58,0,Lightgrey
59,0,Lightgrey
60,0,Lightgrey
61,0,Lightgrey
62,0,Lightgrey
63,0,Lightgrey
64,0,Lightgrey
65,0,Lightgrey
66,0,Lightgrey
67,0,Lightgrey
68,0,Lightgrey
69,0,Lightgrey
70,0,Lightgrey
71,0,Lightgrey
72,0,Lightgrey
73,0,Lightgrey
74,0,Lightgrey
75,0,Lightgrey
76,0,Lightgrey
77,0,Lightgrey
78,0,Lightgrey
79,0,Lightgrey
80,0,Lightgrey
81,0,Lightgrey
82,0,Lightgrey
83,0,Lightgrey
84,0,Lightgrey
85,0,Lightgrey
86,0,Lightgrey
87,0,Lightgrey
88,0,Lightgrey
89,0,Lightgrey
90,0,Lightgrey
91,0,Lightgrey
92,0,Lightgrey
93,0,Lightgrey
94,0,Lightgrey
95,0,Lightgrey
96,0,Lightgrey
97,0,Lightgrey
98,0,Lightgrey
99,0,Lightgrey
100,0,Lightgrey
101,0,Lightgrey
102,0,Lightgrey
103,0,Lightgrey
104,0,Lightgrey
105,0,Lightgrey
106,0,Lightgrey
107,0,Lightgrey
108,0,Lightgrey
109,0,Lightgrey
110,0,Lightgrey
111,0,Lightgrey
112,0,Lightgrey
113,0,Lightgrey
114,0,Lightgrey
115,0,Lightgrey
116,0,Lightgrey
117,0,Lightgrey
118,0,Lightgrey
119,0,Lightgrey
120,0,Lightgrey
121,0,Lightgrey
122,0,Lightgrey
123,0,Lightgrey
124,0,Lightgrey
125,0,Lightgrey
126,0,Lightgrey
127,0,Lightgrey
128,0,Lightgrey
129,0,Lightgrey
130,0,Lightgrey
131,0,Lightgrey
132,0,Lightgrey
133,0,Lightgrey
134,0,Lightgrey
135,0,Lightgrey
136,0,Lightgrey
137,0,Lightgrey
138,0,Lightgrey
139,0,Lightgrey
140,0,Lightgrey
141,0,Lightgrey
142,0,Lightgrey
143,0,Lightgrey
144,0,Lightgrey
145,0,Lightgrey
146,0,Lightgrey
147,0,Lightgrey
148,0,Lightgrey
149,0,Lightgrey
150,0,Lightgrey
151,0,Lightgrey
152,0,Lightgrey
153,0,Lightgrey
154,0,Lightgrey
155,0,Lightgrey
156,0,Lightgrey
157,0,Lightgrey
158,0,Lightgrey
159,0,Lightgrey
160,0,Lightgrey
161,0,Lightgrey
162,0,Lightgrey
163,0,Lightgrey
164,0,Lightgrey
165,0,Lightgrey
166,0,Lightgrey
167,0,Lightgrey
168,0,Lightgrey
169,0,Lightgrey
170,0,Lightgrey
171,0,Lightgrey
172,0,Lightgrey
173,0,Lightgrey
174,0,Lightgrey
175,0,Lightgrey
176,0,Lightgrey
177,0,Lightgrey
178,0,Lightgrey
179,0,Lightgrey
180,0,Lightgrey
181,0,Lightgrey
182,0,Lightgrey
183,0,Lightgrey
184,0,Lightgrey
185,0,Lightgrey
186,0,Lightgrey
187,0,Lightgrey
188,0,Lightgrey
189,0,Lightgrey
190,0,Lightgrey
191,0,Lightgrey
192,0,Lightgrey
193,0,Lightgrey
194,0,Lightgrey
195,0,Lightgrey
196,0,Lightgrey
197,0,Lightgrey
198,0,Lightgrey
199,0,Lightgrey
200,0,Lightgrey
201,0,Lightgrey
202,0,Lightgrey
203,0,Lightgrey
204,0,Lightgrey
205,0,Lightgrey
206,0,Lightgrey
207,0,Lightgrey
208,0,Lightgrey
209,0,Lightgrey
210,0,Lightgrey
211,0,Lightgrey
212,0,Lightgrey
213,0,Lightgrey
214,0,Lightgrey
215,0,Lightgrey
216,0,Lightgrey
217,0,Lightgrey
218,0,Lightgrey
219,0,Lightgrey
220,0,Lightgrey
221,0,Lightgrey
222,0,Lightgrey
223,0,Lightgrey
224,0,Lightgrey
225,0,Lightgrey
226,0,Lightgrey
227,0,Lightgrey
228,0,Lightgrey
229,0,Lightgrey
230,0,Lightgrey
231,0,Lightgrey
232,0,Lightgrey
233,0,Lightgrey
234,0,Lightgrey
235,0,Lightgrey
236,0,Lightgrey
237,0,Lightgrey
238,0,Lightgrey
239,0,Lightgrey
240,0,Lightgrey
241,0,Lightgrey
242,0,Lightgrey
243,0,Lightgrey
244,0,Lightgrey
245,0,Lightgrey
246,0,Lightgrey
247,0,Lightgrey
248,0,Lightgrey
249,0,Lightgrey
250,0,Lightgrey
251,0,Lightgrey
252,0,Lightgrey
253,0,Lightgrey
254,0,Lightgrey
255,0,Lightgrey
256,0,Lightgrey
257,0,Lightgrey
258,0,Lightgrey
259,0,Lightgrey
260,0,Lightgrey
261,0,Lightgrey
262,0,Lightgrey
263,0,Lightgrey
264,0,Lightgrey
265,0,Lightgrey
266,0,Lightgrey
267,0,Lightgrey
268,0,Lightgrey
269,0,Lightgrey
270,0,Lightgrey
271,0,Lightgrey
272,0,Lightgrey
273,0,Lightgrey
274,0,Lightgrey
275,0,Lightgrey
276,0,Lightgrey
277,0,Lightgrey
278,0,Lightgrey
279,0,Lightgrey
280,0,Lightgrey
281,0,Lightgrey
282,0,Lightgrey
283,0,Lightgrey
284,0,Lightgrey
285,0,Lightgrey
286,0,Lightgrey
287,0,Lightgrey
288,0,Lightgrey
289,0,Lightgrey
290,0,Lightgrey
291,0,Lightgrey
292,0,Lightgrey
293,0,Lightgrey
294,0,Lightgrey
295,0,Lightgrey
296,0,Lightgrey
297,0,Lightgrey
298,0,Lightgrey
299,0,Lightgrey
300,0,Lightgrey
301,0,Lightgrey
302,0,Lightgrey
303,0,Lightgrey
304,0,Lightgrey
305,0,Lightgrey
306,0,Lightgrey
307,0,Lightgrey
308,0,Lightgrey
309,0,Lightgrey
310,0,Lightgrey
311,0,Lightgrey
312,0,Lightgrey
313,0,Lightgrey
314,0,Lightgrey
315,0,Lightgrey
316,0,Lightgrey
317,0,Lightgrey
318,0,Lightgrey
319,0,Lightgrey
320,0,Lightgrey
321,0,Lightgrey
322,0,Lightgrey
323,0,Lightgrey
324,0,Lightgrey
325,0,Lightgrey
326,0,Lightgrey
327,0,Lightgrey
328,0,Lightgrey
329,0,Lightgrey
330,0,Lightgrey
331,0,Lightgrey
332,0,Lightgrey
333,0,Lightgrey
334,0,Lightgrey
335,0,Lightgrey
336,0,Lightgrey
337,0,Lightgrey
338,0,Lightgrey
339,0,Lightgrey
340,0,Lightgrey
341,0,Lightgrey
342,0,Lightgrey
343,0,Lightgrey
344,0,Lightgrey
345,0,Lightgrey
346,0,Lightgrey
347,0,Lightgrey
348,0,Lightgrey
349,0,Lightgrey
350,0,Lightgrey
351,0,Lightgrey
352,0,Lightgrey
353,0,Lightgrey
354,0,Lightgrey
355,0,Lightgrey
356,0,Lightgrey
357,0,Lightgrey
358,0,Lightgrey
359,0,Lightgrey
360,0,Lightgrey
361,0,Lightgrey
362,0,Lightgrey
363,0,Lightgrey
364,0,Lightgrey
365,0,Lightgrey
366,0,Lightgrey
367,0,Lightgrey
368,0,Lightgrey
369,0,Lightgrey
370,0,Lightgrey
371,0,Lightgrey
372,0,Lightgrey
373,0,Lightgrey
374,0,Lightgrey
375,0,Lightgrey
376,0,Lightgrey
377,0,Lightgrey
378,0,Lightgrey
379,0,Lightgrey
380,0,Lightgrey
381,0,Lightgrey
382,0,Lightgrey
383,0,Lightgrey
384,0,Lightgrey
385,0,Lightgrey
386,0,Lightgrey
387,0,Lightgrey
388,0,Lightgrey
389,0,Lightgrey
390,0,Lightgrey
391,0,Lightgrey
392,0,Lightgrey
393,0,Lightgrey
394,0,Lightgrey
395,0,Lightgrey
396,0,Lightgrey
397,0,Lightgrey
398,0,Lightgrey
399,0,Lightgrey
400,0,Lightgrey
401,0,Lightgrey
402,0,Lightgrey
403,0,Lightgrey
404,0,Lightgrey
405,0,Lightgrey
406,0,Lightgrey
407,0,Lightgrey
408,0,Lightgrey
409,0,Lightgrey
410,0,Lightgrey
411,0,Lightgrey
412,0,Lightgrey
413,0,Lightgrey
414,0,Lightgrey
415,0,Lightgrey
416,0,Lightgrey
417,0,Lightgrey
418,0,Lightgrey
419,0,Lightgrey
420,0,Lightgrey
421,0,Lightgrey
422,0,Lightgrey
423,0,Lightgrey
424,0,Lightgrey
425,0,Lightgrey
426,0,Lightgrey
427,0,Lightgrey
428,0,Lightgrey
429,0,Lightgrey
430,0,Lightgrey
431,0,Lightgrey
432,0,Lightgrey
433,0,Lightgrey
434,0,Lightgrey
435,0,Lightgrey
436,0,Lightgrey
437,0,Lightgrey
438,0,Lightgrey
439,0,Lightgrey
440,0,Lightgrey
441,0,Lightgrey
442,0,Lightgrey
443,0,Lightgrey
444,0,Lightgrey
445,0,Lightgrey
446,0,Lightgrey
447,0,Lightgrey
448,0,Lightgrey
449,0,Lightgrey
450,0,Lightgrey
451,0,Lightgrey
452,0,Lightgrey
453,0,Lightgrey
454,0,Lightgrey
455,0,Lightgrey
456,0,Lightgrey
457,0,Lightgrey
458,0,Lightgrey
459,0,Lightgrey
460,0,Lightgrey
461,0,Lightgrey
462,0,Lightgrey
463,0,Lightgrey
464,0,Lightgrey
465,0,Lightgrey
466,0,Lightgrey
467,0,Lightgrey
468,0,Lightgrey
469,0,Lightgrey
470,0,Lightgrey
471,0,Lightgrey
472,0,Lightgrey
473,0,Lightgrey
474,0,Lightgrey
475,0,Lightgrey
476,0,Lightgrey
477,0,Lightgrey
478,0,Lightgrey
479,0,Lightgrey
480,0,Lightgrey
481,0,Lightgrey
482,0,Lightgrey
483,0,Lightgrey
484,0,Lightgrey
485,0,Lightgrey
486,0,Lightgrey
487,0,Lightgrey
488,0,Lightgrey
489,0,Lightgrey
490,0,Lightgrey
491,0,Lightgrey
492,0,Lightgrey
493,0,Lightgrey
494,0,Lightgrey
495,0,Lightgrey
496,0,Lightgrey
497,0,Lightgrey
498,0,Lightgrey
499,0,Lightgrey
500,0,Lightgrey
501,0,Lightgrey
502,0,Lightgrey
503,0,Lightgrey
504,0,Lightgrey
505,0,Lightgrey
506,0,Lightgrey
507,0,Lightgrey
508,0,Lightgrey
509,0,Lightgrey
510,0,Lightgrey
511,0,Lightgrey
512,0,Lightgrey
513,0,Lightgrey
514,0,Lightgrey
515,0,Lightgrey
516,0,Lightgrey
517,0,Lightgrey
518,0,Lightgrey
519,0,Lightgrey
520,0,Lightgrey
521,0,Lightgrey
522,0,Lightgrey
523,0,Lightgrey
524,0,Lightgrey
525,0,Lightgrey
526,0,Lightgrey
527,0,Lightgrey
528,0,Lightgrey
529,0,Lightgrey
530,0,Lightgrey
531,0,Lightgrey
532,0,Lightgrey
533,0,Lightgrey
534,0,Lightgrey
535,0,Lightgrey
536,0,Lightgrey
537,0,Lightgrey
538,0,Lightgrey
539,0,Lightgrey
540,0,Lightgrey
541,0,Lightgrey
542,0,Lightgrey
543,0,Lightgrey
544,0,Lightgrey
545,0,Lightgrey
546,0,Lightgrey
547,0,Lightgrey
548,0,Lightgrey
549,0,Lightgrey
550,0,Lightgrey
551,0,Lightgrey
552,0,Lightgrey
553,0,Lightgrey
554,0,Lightgrey
555,0,Lightgrey
556,0,Lightgrey
557,0,Lightgrey
558,0,Lightgrey
559,0,Lightgrey
560,0,Lightgrey
561,0,Lightgrey
562,0,Lightgrey
563,0,Lightgrey
564,0,Lightgrey
565,0,Lightgrey
566,0,Lightgrey
567,0,Lightgrey
568,0,Lightgrey
569,0,Lightgrey
570,0,Lightgrey
571,0,Lightgrey
572,0,Lightgrey
573,0,Lightgrey
574,0,Lightgrey
575,0,Lightgrey
576,0,Lightgrey
577,0,Lightgrey
578,0,Lightgrey
579,0,Lightgrey
580,0,Lightgrey
581,0,Lightgrey
582,0,Lightgrey
583,0,Lightgrey
584,0,Lightgrey
585,0,Lightgrey
586,0,Lightgrey
587,0,Lightgrey
588,0,Lightgrey
589,0,Lightgrey
590,0,Lightgrey
591,0,Lightgrey
592,0,Lightgrey
593,0,Lightgrey
594,0,Lightgrey
595,0,Lightgrey
596,0,Lightgrey
597,0,Lightgrey
598,0,Lightgrey
599,0,Lightgrey
600,0,Lightgrey
601,0,Lightgrey
602,0,Lightgrey
603,0,Lightgrey
604,0,Lightgrey
605,0,Lightgrey
606,0,Lightgrey
607,0,Lightgrey
608,0,Lightgrey
609,0,Lightgrey
610,0,Lightgrey
611,0,Lightgrey
612,0,Lightgrey
613,0,Lightgrey
614,0,Lightgrey
615,0,Lightgrey
616,0,Lightgrey
617,0,Lightgrey
618,0,Lightgrey
619,0,Lightgrey
620,0,Lightgrey
621,0,Lightgrey
622,0,Lightgrey
623,0,Lightgrey
624,0,Lightgrey
625,0,Lightgrey
626,0,Lightgrey
627,0,Lightgrey
628,0,Lightgrey
629,0,Lightgrey
630,0,Lightgrey
631,0,Lightgrey
632,0,Lightgrey
633,0,Lightgrey
634,0,Lightgrey
635,0,Lightgrey
636,0,Lightgrey
637,0,Lightgrey
638,0,Lightgrey
639,0,Lightgrey
640,0,Lightgrey
641,0,Lightgrey
642,0,Lightgrey
643,0,Lightgrey
644,0,Lightgrey
645,0,Lightgrey
646,0,Lightgrey
647,0,Lightgrey
648,0,Lightgrey
649,0,Lightgrey
650,0,Lightgrey
651,0,Lightgrey
652,0,Lightgrey
653,0,Lightgrey
654,0,Lightgrey
655,0,Lightgrey
656,0,Lightgrey
657,0,Lightgrey
658,0,Lightgrey
659,0,Lightgrey
660,0,Lightgrey
661,0,Lightgrey
662,0,Lightgrey
663,0,Lightgrey
664,0,Lightgrey
665,0,Lightgrey
666,0,Lightgrey
667,0,Lightgrey
668,0,Lightgrey
669,0,Lightgrey
670,0,Lightgrey
671,0,Lightgrey
672,0,Lightgrey
673,0,Lightgrey
674,0,Lightgrey
675,0,Lightgrey
676,0,Lightgrey
677,0,Lightgrey
678,0,Lightgrey
679,0,Lightgrey
680,0,Lightgrey
681,0,Lightgrey
682,0,Lightgrey
683,0,Lightgrey
684,0,Lightgrey
685,0,Lightgrey
686,0,Lightgrey
687,0,Lightgrey
688,0,Lightgrey
689,0,Lightgrey
690,0,Lightgrey
691,0,Lightgrey
692,0,Lightgrey
693,0,Lightgrey
694,0,Lightgrey
695,0,Lightgrey
696,0,Lightgrey
697,0,Lightgrey
698,0,Lightgrey
699,0,Lightgrey
700,0,Lightgrey
701,0,Lightgrey
702,0,Lightgrey
703,0,Lightgrey
704,0,Lightgrey
705,0,Lightgrey
706,0,Lightgrey
707,0,Lightgrey
708,0,Lightgrey
709,0,Lightgrey
710,0,Lightgrey
711,0,Lightgrey
712,0,Lightgrey
713,0,Lightgrey
714,0,Lightgrey
715,0,Lightgrey
716,0,Lightgrey
717,0,Lightgrey
718,0,Lightgrey
719,0,Lightgrey
720,0,Lightgrey
721,0,Lightgrey
722,0,Lightgrey
723,0,Lightgrey
724,0,Lightgrey
725,0,Lightgrey
726,0,Lightgrey
727,0,Lightgrey
728,0,Lightgrey
729,0,Lightgrey
730,0,Lightgrey
731,0,Lightgrey
732,0,Lightgrey
733,0,Lightgrey
734,0,Lightgrey
735,0,Lightgrey
736,0,Lightgrey
737,0,Lightgrey
738,0,Lightgrey
739,0,Lightgrey
740,0,Lightgrey
741,0,Lightgrey
742,0,Lightgrey
743,0,Lightgrey
744,0,Lightgrey
745,0,Lightgrey
746,0,Lightgrey
747,0,Lightgrey
748,0,Lightgrey
749,0,Lightgrey
750,0,Lightgrey
751,0,Lightgrey
752,0,Lightgrey
753,0,Lightgrey
754,0,Lightgrey
755,0,Lightgrey
756,0,Lightgrey
757,0,Lightgrey
758,0,Lightgrey
759,0,Lightgrey
760,0,Lightgrey
761,0,Lightgrey
762,0,Lightgrey
763,0,Lightgrey
764,0,Lightgrey
765,0,Lightgrey
766,0,Lightgrey
767,0,Lightgrey
768,0,Lightgrey
769,0,Lightgrey
770,0,Lightgrey
771,0,Lightgrey
772,0,Lightgrey
773,0,Lightgrey
774,0,Lightgrey
775,0,Lightgrey
776,0,Lightgrey
777,0,Lightgrey
778,0,Lightgrey
779,0,Lightgrey
780,0,Lightgrey
781,0,Lightgrey
782,0,Lightgrey
783,0,Lightgrey
784,0,Lightgrey
785,0,Lightgrey
786,0,Lightgrey
787,0,Lightgrey
788,0,Lightgrey
789,0,Lightgrey
790,0,Lightgrey
791,0,Lightgrey
792,0,Lightgrey
793,0,Lightgrey
794,0,Lightgrey
795,0,Lightgrey
796,0,Lightgrey
797,0,Lightgrey
798,0,Lightgrey
799,0,Lightgrey
800,0,Lightgrey
801,0,Lightgrey
802,0,Lightgrey
803,0,Lightgrey
804,0,Lightgrey
805,0,Lightgrey
806,0,Lightgrey
807,0,Lightgrey
808,0,Lightgrey
809,0,Lightgrey
810,0,Lightgrey
811,0,Lightgrey
812,0,Lightgrey
813,0,Lightgrey
814,0,Lightgrey
815,0,Lightgrey
816,0,Lightgrey
817,0,Lightgrey
818,0,Lightgrey
819,0,Lightgrey
820,0,Lightgrey
821,0,Lightgrey
822,0,Lightgrey
823,0,Lightgrey
824,0,Lightgrey
825,0,Lightgrey
826,0,Lightgrey
827,0,Lightgrey
828,0,Lightgrey
829,0,Lightgrey
830,0,Lightgrey
831,0,Lightgrey
832,0,Lightgrey
833,0,Lightgrey
834,0,Lightgrey
835,0,Lightgrey
836,0,Lightgrey
837,0,Lightgrey
838,0,Lightgrey
839,0,Lightgrey
840,0,Lightgrey
841,0,Lightgrey
842,0,Lightgrey
843,0,Lightgrey
844,0,Lightgrey
845,0,Lightgrey
846,0,Lightgrey
847,0,Lightgrey
848,0,Lightgrey
849,0,Lightgrey
850,0,Lightgrey
851,0,Lightgrey
852,0,Lightgrey
853,0,Lightgrey
854,0,Lightgrey
855,0,Lightgrey
856,0,Lightgrey
857,0,Lightgrey
858,0,Lightgrey
859,0,Lightgrey
860,0,Lightgrey
861,0,Lightgrey
862,0,Lightgrey
863,0,Lightgrey
864,0,Lightgrey
865,0,Lightgrey
866,0,Lightgrey
867,0,Lightgrey
868,0,Lightgrey
869,0,Lightgrey
870,0,Lightgrey
871,0,Lightgrey
872,0,Lightgrey
873,0,Lightgrey
874,0,Lightgrey
875,0,Lightgrey
876,0,Lightgrey
877,0,Lightgrey
878,0,Lightgrey
879,0,Lightgrey
880,0,Lightgrey
881,0,Lightgrey
882,0,Lightgrey
883,0,Lightgrey
884,0,Lightgrey
885,0,Lightgrey
886,0,Lightgrey
887,0,Lightgrey
888,0,Lightgrey
889,0,Lightgrey
890,0,Lightgrey
891,0,Lightgrey
892,0,Lightgrey
893,0,Lightgrey
894,0,Lightgrey
895,0,Lightgrey
896,0,Lightgrey
897,0,Lightgrey
898,0,Lightgrey
899,0,Lightgrey
900,0,Lightgrey
901,0,Lightgrey
902,0,Lightgrey
903,0,Lightgrey
904,0,Lightgrey
905,0,Lightgrey
906,0,Lightgrey
907,0,Lightgrey
908,0,Lightgrey
909,0,Lightgrey
910,0,Lightgrey
911,0,Lightgrey
912,0,Lightgrey
913,0,Lightgrey
914,0,Lightgrey
915,0,Lightgrey
916,0,Lightgrey
917,0,Lightgrey
918,0,Lightgrey
919,0,Lightgrey
920,0,Lightgrey
921,0,Lightgrey
922,0,Lightgrey
923,0,Lightgrey
924,0,Lightgrey
925,0,Lightgrey
926,0,Lightgrey
927,0,Lightgrey
928,0,Lightgrey
929,0,Lightgrey
930,0,Lightgrey
931,0,Lightgrey
932,0,Lightgrey
933,0,Lightgrey
934,0,Lightgrey
935,0,Lightgrey
936,0,Lightgrey
937,0,Lightgrey
938,0,Lightgrey
939,0,Lightgrey
940,0,Lightgrey
941,0,Lightgrey
942,0,Lightgrey
943,0,Lightgrey
944,0,Lightgrey
945,0,Lightgrey
946,0,Lightgrey
947,0,Lightgrey
948,0,Lightgrey
949,0,Lightgrey
950,0,Lightgrey
951,0,Lightgrey
952,0,Lightgrey
953,0,Lightgrey
954,0,Lightgrey
955,0,Lightgrey
956,0,Lightgrey
957,0,Lightgrey
958,0,Lightgrey
959,0,Lightgrey
960,0,Lightgrey
961,0,Lightgrey
962,0,Lightgrey
963,0,Lightgrey
964,0,Lightgrey
965,0,Lightgrey
966,0,Lightgrey
967,0,Lightgrey
968,0,Lightgrey
969,0,Lightgrey
970,0,Lightgrey
971,0,Lightgrey
972,0,Lightgrey
973,0,Lightgrey
974,0,Lightgrey
975,0,Lightgrey
976,0,Lightgrey
977,0,Lightgrey
978,0,Lightgrey
979,0,Lightgrey
980,0,Lightgrey
981,0,Lightgrey
982,0,Lightgrey
983,0,Lightgrey
984,0,Lightgrey
985,0,Lightgrey
986,0,Lightgrey
987,0,Lightgrey
988,0,Lightgrey
989,0,Lightgrey
990,0,Lightgrey
991,0,Lightgrey
992,0,Lightgrey
993,0,Lightgrey
994,0,Lightgrey
995,0,Lightgrey
996,0,Lightgrey
997,0,Lightgrey
998,0,Lightgrey
999,0,Lightgrey
1000,0,Lightgrey
1001,0,Lightgrey
1002,0,Lightgrey
1003,0,Lightgrey
1004,0,Lightgrey
1005,0,Lightgrey
1006,0,Lightgrey
1007,0,Lightgrey
1008,0,Lightgrey
1009,0,Lightgrey
1010,0,Lightgrey
1011,0,Lightgrey
1012,0,Lightgrey
1013,0,Lightgrey
1014,0,Lightgrey
1015,0,Lightgrey
1016,0,Lightgrey
1017,0,Lightgrey
1018,0,Lightgrey
1019,0,Lightgrey
1020,0,Lightgrey
1021,0,Lightgrey
1022,0,Lightgrey
1023,0,Lightgrey
1024,0,Lightgrey
1025,0,Lightgrey
1026,0,Lightgrey
1027,0,Lightgrey
1028,0,Lightgrey
1029,0,Lightgrey
1030,0,Lightgrey
1031,0,Lightgrey
1032,0,Lightgrey
1033,0,Lightgrey
1034,0,Lightgrey
1035,0,Lightgrey
1036,0,Lightgrey
1037,0,Lightgrey
1038,0,Lightgrey
1039,0,Lightgrey
1040,0,Lightgrey
1041,0,Lightgrey
1042,0,Lightgrey
1043,0,Lightgrey
1044,0,Lightgrey
1045,0,Lightgrey
1046,0,Lightgrey
1047,0,Lightgrey
1048,0,Lightgrey
1049,0,Lightgrey
1050,0,Lightgrey
1051,0,Lightgrey
1052,0,Lightgrey
1053,0,Lightgrey
1054,0,Lightgrey
1055,0,Lightgrey
1056,0,Lightgrey
1057,0,Lightgrey
1058,0,Lightgrey
1059,0,Lightgrey
1060,0,Lightgrey
1061,0,Lightgrey
1062,0,Lightgrey
1063,0,Lightgrey
1064,0,Lightgrey
1065,0,Lightgrey
1066,0,Lightgrey
1067,0,Lightgrey
1068,0,Lightgrey
1069,0,Lightgrey
1070,0,Lightgrey
1071,0,Lightgrey
1072,0,Lightgrey
1073,0,Lightgrey
1074,0,Lightgrey
1075,0,Lightgrey
1076,0,Lightgrey
1077,0,Lightgrey
1078,0,Lightgrey
1079,0,Lightgrey
1080,0,Lightgrey
1081,0,Lightgrey
1082,0,Lightgrey
1083,0,Lightgrey
1084,0,Lightgrey
1085,0,Lightgrey
1086,0,Lightgrey
1087,0,Lightgrey
1088,0,Lightgrey
1089,0,Lightgrey
1090,0,Lightgrey
1091,0,Lightgrey
1092,0,Lightgrey
1093,0,Lightgrey
1094,0,Lightgrey
1095,0,Lightgrey
1096,0,Lightgrey
1097,0,Lightgrey
1098,0,Lightgrey
1099,0,Lightgrey
1100,0,Lightgrey
1101,0,Lightgrey
1102,0,Lightgrey
1103,0,Lightgrey
1104,0,Lightgrey
1105,0,Lightgrey
1106,0,Lightgrey
1107,0,Lightgrey
1108,0,Lightgrey
1109,0,Lightgrey
1110,0,Lightgrey
1111,0,Lightgrey
1112,0,Lightgrey
1113,0,Lightgrey
1114,0,Lightgrey
1115,0,Lightgrey
1116,0,Lightgrey
1117,0,Lightgrey
1118,0,Lightgrey
1119,0,Lightgrey
1120,0,Lightgrey
1121,0,Lightgrey
1122,0,Lightgrey
1123,0,Lightgrey
1124,0,Lightgrey
1125,0,Lightgrey
1126,0,Lightgrey
1127,0,Lightgrey
1128,0,Lightgrey
1129,0,Lightgrey
1130,0,Lightgrey
1131,0,Lightgrey
1132,0,Lightgrey
1133,0,Lightgrey
1134,0,Lightgrey
1135,0,Lightgrey
1136,0,Lightgrey
1137,0,Lightgrey
1138,0,Lightgrey
1139,0,Lightgrey
1140,0,Lightgrey
1141,0,Lightgrey
1142,0,Lightgrey
1143,0,Lightgrey
1144,0,Lightgrey
1145,0,Lightgrey
1146,0,Lightgrey
1147,0,Lightgrey
1148,0,Lightgrey
1149,0,Lightgrey
1150,0,Lightgrey
1151,0,Lightgrey
1152,0,Lightgrey
1153,0,Lightgrey
1154,0,Lightgrey
1155,0,Lightgrey
1156,0,Lightgrey
1157,0,Lightgrey
1158,0,Lightgrey
1159,0,Lightgrey
1160,0,Lightgrey
1161,0,Lightgrey
1162,0,Lightgrey
1163,0,Lightgrey
1164,0,Lightgrey
1165,0,Lightgrey
1166,0,Lightgrey
1167,0,Lightgrey
1168,0,Lightgrey
1169,0,Lightgrey
1170,0,Lightgrey
1171,0,Lightgrey
1172,0,Lightgrey
1173,0,Lightgrey
1174,0,Lightgrey
1175,0,Lightgrey
1176,0,Lightgrey
1177,0,Lightgrey
1178,0,Lightgrey
1179,0,Lightgrey
1180,0,Lightgrey
1181,0,Lightgrey
1182,0,Lightgrey
1183,0,Lightgrey
1184,0,Lightgrey
1185,0,Lightgrey
1186,0,Lightgrey
1187,0,Lightgrey
1188,0,Lightgrey
1189,0,Lightgrey
1190,0,Lightgrey
1191,0,Lightgrey
1192,0,Lightgrey
1193,0,Lightgrey
1194,0,Lightgrey
1195,0,Lightgrey
1196,0,Lightgrey
1197,0,Lightgrey
1198,0,Lightgrey
1199,0,Lightgrey
1200,0,Lightgrey
1201,0,Lightgrey
1202,0,Lightgrey
1203,0,Lightgrey
1204,0,Lightgrey
1205,0,Lightgrey
1206,0,Lightgrey
1207,0,Lightgrey
1208,0,Lightgrey
1209,0,Lightgrey
1210,0,Lightgrey
1211,0,Lightgrey
1212,0,Lightgrey
1213,0,Lightgrey
1214,0,Lightgrey
1215,0,Lightgrey
1216,0,Lightgrey
1217,0,Lightgrey
1218,0,Lightgrey
1219,0,Lightgrey
1220,0,Lightgrey
1221,0,Lightgrey
1222,0,Lightgrey
1223,0,Lightgrey
1224,0,Lightgrey
1225,0,Lightgrey
1226,0,Lightgrey
1227,0,Lightgrey
1228,0,Lightgrey
1229,0,Lightgrey
1230,0,Lightgrey
1231,0,Lightgrey
1232,0,Lightgrey
1233,0,Lightgrey
1234,0,Lightgrey
1235,0,Lightgrey
1236,0,Lightgrey
1237,0,Lightgrey
1238,0,Lightgrey
1239,0,Lightgrey
1240,0,Lightgrey
1241,0,Lightgrey
1242,0,Lightgrey
1243,0,Lightgrey
1244,0,Lightgrey
1245,0,Lightgrey
1246,0,Lightgrey
1247,0,Lightgrey
1248,0,Lightgrey
1249,0,Lightgrey
1250,0,Lightgrey
1251,0,Lightgrey
1252,0,Lightgrey
1253,0,Lightgrey
1254,0,Lightgrey
1255,0,Lightgrey
1256,0,Lightgrey
1257,0,Lightgrey
1258,0,Lightgrey
1259,0,Lightgrey
1260,0,Lightgrey
1261,0,Lightgrey
1262,0,Lightgrey
1263,0,Lightgrey
1264,0,Lightgrey
1265,0,Lightgrey
1266,0,Lightgrey
1267,0,Lightgrey
1268,0,Lightgrey
1269,0,Lightgrey
1270,0,Lightgrey
1271,0,Lightgrey
1272,0,Lightgrey
1273,0,Lightgrey
1274,0,Lightgrey
1275,0,Lightgrey
1276,0,Lightgrey
1277,0,Lightgrey
1278,0,Lightgrey
1279,0,Lightgrey
1280,0,Lightgrey
1281,0,Lightgrey
1282,0,Lightgrey
1283,0,Lightgrey
1284,0,Lightgrey
1285,0,Lightgrey
1286,0,Lightgrey
1287,0,Lightgrey
1288,0,Lightgrey
1289,0,Lightgrey
1290,0,Lightgrey
1291,0,Lightgrey
1292,0,Lightgrey
1293,0,Lightgrey
1294,0,Lightgrey
1295,0,Lightgrey
1296,0,Lightgrey
1297,0,Lightgrey
1298,0,Lightgrey
1299,0,Lightgrey
1300,0,Lightgrey
1301,0,Lightgrey
1302,0,Lightgrey
1303,0,Lightgrey
1304,0,Lightgrey
1305,0,Lightgrey
1306,0,Lightgrey
1307,0,Lightgrey
1308,0,Lightgrey
1309,0,Lightgrey
1310,0,Lightgrey
1311,0,Lightgrey
1312,0,Lightgrey
1313,0,Lightgrey
1314,0,Lightgrey
1315,0,Lightgrey
1316,0,Lightgrey
1317,0,Lightgrey
1318,0,Lightgrey
1319,0,Lightgrey
1320,0,Lightgrey
1321,0,Lightgrey
1322,0,Lightgrey
1323,0,Lightgrey
1324,0,Lightgrey
1325,0,Lightgrey
1326,0,Lightgrey
1327,0,Lightgrey
1328,0,Lightgrey
1329,0,Lightgrey
1330,0,Lightgrey
1331,0,Lightgrey
1332,0,Lightgrey
1333,0,Lightgrey
1334,0,Lightgrey
1335,0,Lightgrey
1336,0,Lightgrey
1337,0,Lightgrey
1338,0,Lightgrey
1339,0,Lightgrey
1340,0,Lightgrey
1341,0,Lightgrey
1342,0,Lightgrey
1343,0,Lightgrey
1344,0,Lightgrey
1345,0,Lightgrey
1346,0,Lightgrey
1347,0,Lightgrey
1348,0,Lightgrey
1349,0,Lightgrey
1350,0,Lightgrey
1351,0,Lightgrey
1352,0,Lightgrey
1353,0,Lightgrey
1354,0,Lightgrey
1355,0,Lightgrey
1356,0,Lightgrey
1357,0,Lightgrey
1358,0,Lightgrey
1359,0,Lightgrey
1360,0,Lightgrey
1361,0,Lightgrey
1362,0,Lightgrey
1363,0,Lightgrey
1364,0,Lightgrey
1365,0,Lightgrey
1366,0,Lightgrey
1367,0,Lightgrey
1368,0,Lightgrey
1369,0,Lightgrey
1370,0,Lightgrey
1371,0,Lightgrey
1372,0,Lightgrey
1373,0,Lightgrey
1374,0,Lightgrey
1375,0,Lightgrey
1376,0,Lightgrey
1377,0,Lightgrey
1378,0,Lightgrey
1379,0,Lightgrey
1380,0,Lightgrey
1381,0,Lightgrey
1382,0,Lightgrey
1383,0,Lightgrey
1384,0,Lightgrey
1385,0,Lightgrey
1386,0,Lightgrey
1387,0,Lightgrey
1388,0,Lightgrey
1389,0,Lightgrey
1390,0,Lightgrey
1391,0,Lightgrey
1392,0,Lightgrey
1393,0,Lightgrey
1394,0,Lightgrey
1395,0,Lightgrey
1396,0,Lightgrey
1397,0,Lightgrey
1398,0,Lightgrey
1399,0,Lightgrey
1400,0,Lightgrey
1401,0,Lightgrey
1402,0,Lightgrey
1403,0,Lightgrey
1404,0,Lightgrey
1405,0,Lightgrey
1406,0,Lightgrey
1407,0,Lightgrey
1408,0,Lightgrey
1409,0,Lightgrey
1410,0,Lightgrey
1411,0,Lightgrey
1412,0,Lightgrey
1413,0,Lightgrey
1414,0,Lightgrey
1415,0,Lightgrey
1416,0,Lightgrey
1417,0,Lightgrey
1418,0,Lightgrey
1419,0,Lightgrey
1420,0,Lightgrey
1421,0,Lightgrey
1422,0,Lightgrey
1423,0,Lightgrey
1424,0,Lightgrey
1425,0,Lightgrey
1426,0,Lightgrey
1427,0,Lightgrey
1428,0,Lightgrey
1429,0,Lightgrey
1430,0,Lightgrey
1431,0,Lightgrey
1432,0,Lightgrey
1433,0,Lightgrey
1434,0,Lightgrey
1435,0,Lightgrey
1436,0,Lightgrey
1437,0,Lightgrey
1438,0,Lightgrey
1439,0,Lightgrey
1440,0,Lightgrey
1441,0,Lightgrey
1442,0,Lightgrey
1443,0,Lightgrey
1444,0,Lightgrey
1445,0,Lightgrey
1446,0,Lightgrey
1447,0,Lightgrey
1448,0,Lightgrey
1449,0,Lightgrey
1450,0,Lightgrey
1451,0,Lightgrey
1452,0,Lightgrey
1453,0,Lightgrey
1454,0,Lightgrey
1455,0,Lightgrey
1456,0,Lightgrey
1457,0,Lightgrey
1458,0,Lightgrey
1459,0,Lightgrey
1460,0,Lightgrey
1461,0,Lightgrey
1462,0,Lightgrey
1463,0,Lightgrey
1464,0,Lightgrey
1465,0,Lightgrey
1466,0,Lightgrey
1467,0,Lightgrey
1468,0,Lightgrey
1469,0,Lightgrey
1470,0,Lightgrey
1471,0,Lightgrey
1472,0,Lightgrey
1473,0,Lightgrey
1474,0,Lightgrey
1475,0,Lightgrey
1476,0,Lightgrey
1477,0,Lightgrey
1478,0,Lightgrey
1479,0,Lightgrey
1480,0,Lightgrey
1481,0,Lightgrey
1482,0,Lightgrey
1483,0,Lightgrey
1484,0,Lightgrey
1485,0,Lightgrey
1486,0,Lightgrey
1487,0,Lightgrey
1488,0,Lightgrey
1489,0,Lightgrey
1490,0,Lightgrey
1491,0,Lightgrey
1492,0,Lightgrey
1493,0,Lightgrey
1494,0,Lightgrey
1495,0,Lightgrey
1496,0,Lightgrey
1497,0,Lightgrey
1498,0,Lightgrey
1499,0,Lightgrey
1500,0,Lightgrey
1501,0,Lightgrey
1502,0,Lightgrey
1503,0,Lightgrey
1504,0,Lightgrey
1505,0,Lightgrey
1506,0,Lightgrey
1507,0,Lightgrey
1508,0,Lightgrey
1509,0,Lightgrey
1510,0,Lightgrey
1511,0,Lightgrey
1512,0,Lightgrey
1513,0,Lightgrey
1514,0,Lightgrey
1515,0,Lightgrey
1516,0,Lightgrey
1517,0,Lightgrey
1518,0,Lightgrey
1519,0,Lightgrey
1520,0,Lightgrey
1521,0,Lightgrey
1522,0,Lightgrey
1523,0,Lightgrey
1524,0,Lightgrey
1525,0,Lightgrey
1526,0,Lightgrey
1527,0,Lightgrey
1528,0,Lightgrey
1529,0,Lightgrey
1530,0,Lightgrey
1531,0,Lightgrey
1532,0,Lightgrey
1533,0,Lightgrey
1534,0,Lightgrey
1535,0,Lightgrey
1536,0,Lightgrey
1537,0,Lightgrey
1538,0,Lightgrey
1539,0,Lightgrey
1540,0,Lightgrey
1541,0,Lightgrey
1542,0,Lightgrey
1543,0,Lightgrey
1544,0,Lightgrey
1545,0,Lightgrey
1546,0,Lightgrey
1547,0,Lightgrey
1548,0,Lightgrey
1549,0,Lightgrey
1550,0,Lightgrey
1551,0,Lightgrey
1552,0,Lightgrey
1553,0,Lightgrey
1554,0,Lightgrey
1555,0,Lightgrey
1556,0,Lightgrey
1557,0,Lightgrey
1558,0,Lightgrey
1559,0,Lightgrey
1560,0,Lightgrey
1561,0,Lightgrey
1562,0,Lightgrey
1563,0,Lightgrey
1564,0,Lightgrey
1565,0,Lightgrey
1566,0,Lightgrey
1567,0,Lightgrey
1568,0,Lightgrey
1569,0,Lightgrey
1570,0,Lightgrey
1571,0,Lightgrey
1572,0,Lightgrey
1573,0,Lightgrey
1574,0,Lightgrey
1575,0,Lightgrey
1576,0,Lightgrey
1577,0,Lightgrey
1578,0,Lightgrey
1579,0,Lightgrey
1580,0,Lightgrey
1581,0,Lightgrey
1582,0,Lightgrey
1583,0,Lightgrey
1584,0,Lightgrey
1585,0,Lightgrey
1586,0,Lightgrey
1587,0,Lightgrey
1588,0,Lightgrey
1589,0,Lightgrey
1590,0,Lightgrey
1591,0,Lightgrey
1592,0,Lightgrey
1593,0,Lightgrey
1594,0,Lightgrey
1595,0,Lightgrey
1596,0,Lightgrey
1597,0,Lightgrey
1598,0,Lightgrey
1599,0,Lightgrey
1600,0,Lightgrey
1601,0,Lightgrey
1602,0,Lightgrey
1603,0,Lightgrey
1604,0,Lightgrey
1605,0,Lightgrey
1606,0,Lightgrey
1607,0,Lightgrey
1608,0,Lightgrey
1609,0,Lightgrey
1610,0,Lightgrey
1611,0,Lightgrey
1612,0,Lightgrey
1613,0,Lightgrey
1614,0,Lightgrey
1615,0,Lightgrey
1616,0,Lightgrey
1617,0,Lightgrey
1618,0,Lightgrey
1619,0,Lightgrey
1620,0,Lightgrey
1621,0,Lightgrey
1622,0,Lightgrey
1623,0,Lightgrey
1624,0,Lightgrey
1625,0,Lightgrey
1626,0,Lightgrey
1627,0,Lightgrey
1628,0,Lightgrey
1629,0,Lightgrey
1630,0,Lightgrey
1631,0,Lightgrey
1632,0,Lightgrey
1633,0,Lightgrey
1634,0,Lightgrey
1635,0,Lightgrey
1636,0,Lightgrey
1637,0,Lightgrey
1638,0,Lightgrey
1639,0,Lightgrey
1640,0,Lightgrey
1641,0,Lightgrey
1642,0,Lightgrey
1643,0,Lightgrey
1644,0,Lightgrey
1645,0,Lightgrey
1646,0,Lightgrey
1647,0,Lightgrey
1648,0,Lightgrey
1649,0,Lightgrey
1650,0,Lightgrey
1651,0,Lightgrey
1652,0,Lightgrey
1653,0,Lightgrey
1654,0,Lightgrey
1655,0,Lightgrey
1656,0,Lightgrey
1657,0,Lightgrey
1658,0,Lightgrey
1659,0,Lightgrey
1660,0,Lightgrey
1661,0,Lightgrey
1662,0,Lightgrey
1663,0,Lightgrey
1664,0,Lightgrey
1665,0,Lightgrey
1666,0,Lightgrey
1667,0,Lightgrey
1668,0,Lightgrey
1669,0,Lightgrey
1670,0,Lightgrey
1671,0,Lightgrey
1672,0,Lightgrey
1673,0,Lightgrey
1674,0,Lightgrey
1675,0,Lightgrey
1676,0,Lightgrey
1677,0,Lightgrey
1678,0,Lightgrey
1679,0,Lightgrey
1680,0,Lightgrey
1681,0,Lightgrey
1682,0,Lightgrey
1683,0,Lightgrey
1684,0,Lightgrey
1685,0,Lightgrey
1686,0,Lightgrey
1687,0,Lightgrey
1688,0,Lightgrey
1689,0,Lightgrey
1690,0,Lightgrey
1691,0,Lightgrey
1692,0,Lightgrey
1693,0,Lightgrey
1694,0,Lightgrey
1695,0,Lightgrey
1696,0,Lightgrey
1697,0,Lightgrey
1698,0,Lightgrey
1699,0,Lightgrey
1700,0,Lightgrey
1701,0,Lightgrey
1702,0,Lightgrey
1703,0,Lightgrey
1704,0,Lightgrey
1705,0,Lightgrey
1706,0,Lightgrey
1707,0,Lightgrey
1708,0,Lightgrey
1709,0,Lightgrey
1710,0,Lightgrey
1711,0,Lightgrey
1712,0,Lightgrey
1713,0,Lightgrey
1714,0,Lightgrey
1715,0,Lightgrey
1716,0,Lightgrey
1717,0,Lightgrey
1718,0,Lightgrey
1719,0,Lightgrey
1720,0,Lightgrey
1721,0,Lightgrey
1722,0,Lightgrey
1723,0,Lightgrey
1724,0,Lightgrey
1725,0,Lightgrey
1726,0,Lightgrey
1727,0,Lightgrey
1728,0,Lightgrey
1729,0,Lightgrey
1730,0,Lightgrey
1731,0,Lightgrey
1732,0,Lightgrey
1733,0,Lightgrey
1734,0,Lightgrey
1735,0,Lightgrey
1736,0,Lightgrey
1737,0,Lightgrey
1738,0,Lightgrey
1739,0,Lightgrey
1740,0,Lightgrey
1741,0,Lightgrey
1742,0,Lightgrey
1743,0,Lightgrey
1744,0,Lightgrey
1745,0,Lightgrey
1746,0,Lightgrey
1747,0,Lightgrey
1748,0,Lightgrey
1749,0,Lightgrey
1750,0,Lightgrey
1751,0,Lightgrey
1752,0,Lightgrey
1753,0,Lightgrey
1754,0,Lightgrey
1755,0,Lightgrey
1756,0,Lightgrey
1757,0,Lightgrey
1758,0,Lightgrey
1759,0,Lightgrey
1760,0,Lightgrey
1761,0,Lightgrey
1762,0,Lightgrey
1763,0,Lightgrey
1764,0,Lightgrey
1765,0,Lightgrey
1766,0,Lightgrey
1767,0,Lightgrey
1768,0,Lightgrey
1769,0,Lightgrey
1770,0,Lightgrey
1771,0,Lightgrey
1772,0,Lightgrey
1773,0,Lightgrey
1774,0,Lightgrey
1775,0,Lightgrey
1776,0,Lightgrey
1777,0,Lightgrey
1778,0,Lightgrey
1779,0,Lightgrey
1780,0,Lightgrey
1781,0,Lightgrey
1782,0,Lightgrey
1783,0,Lightgrey
1784,0,Lightgrey
1785,0,Lightgrey
1786,0,Lightgrey
1787,0,Lightgrey
1788,0,Lightgrey
1789,0,Lightgrey
1790,0,Lightgrey
1791,0,Lightgrey
1792,0,Lightgrey
1793,0,Lightgrey
1794,0,Lightgrey
1795,0,Lightgrey
1796,0,Lightgrey
1797,0,Lightgrey
1798,0,Lightgrey
1799,0,Lightgrey
1800,0,Lightgrey
1801,0,Lightgrey
1802,0,Lightgrey
1803,0,Lightgrey
1804,0,Lightgrey
1805,0,Lightgrey
1806,0,Lightgrey
1807,0,Lightgrey
1808,0,Lightgrey
1809,0,Lightgrey
1810,0,Lightgrey
1811,0,Lightgrey
1812,0,Lightgrey
1813,0,Lightgrey
1814,0,Lightgrey
1815,0,Lightgrey
1816,0,Lightgrey
1817,0,Lightgrey
1818,0,Lightgrey
1819,0,Lightgrey
1820,0,Lightgrey
1821,0,Lightgrey
1822,0,Lightgrey
1823,0,Lightgrey
1824,0,Lightgrey
1825,0,Lightgrey
1826,0,Lightgrey
1827,0,Lightgrey
1828,0,Lightgrey
1829,0,Lightgrey
1830,0,Lightgrey
1831,0,Lightgrey
1832,0,Lightgrey
1833,0,Lightgrey
1834,0,Lightgrey
1835,0,Lightgrey
1836,0,Lightgrey
1837,0,Lightgrey
1838,0,Lightgrey
1839,0,Lightgrey
1840,0,Lightgrey
1841,0,Lightgrey
1842,0,Lightgrey
1843,0,Lightgrey
1844,0,Lightgrey
1845,0,Lightgrey
1846,0,Lightgrey
1847,0,Lightgrey
1848,0,Lightgrey
1849,0,Lightgrey
1850,0,Lightgrey
1851,0,Lightgrey
1852,0,Lightgrey
1853,0,Lightgrey
1854,0,Lightgrey
1855,0,Lightgrey
1856,0,Lightgrey
1857,0,Lightgrey
1858,0,Lightgrey
1859,0,Lightgrey
1860,0,Lightgrey
1861,0,Lightgrey
1862,0,Lightgrey
1863,0,Lightgrey
1864,0,Lightgrey
1865,0,Lightgrey
1866,0,Lightgrey
1867,0,Lightgrey
1868,0,Lightgrey
1869,0,Lightgrey
1870,0,Lightgrey
1871,0,Lightgrey
1872,0,Lightgrey
1873,0,Lightgrey
1874,0,Lightgrey
1875,0,Lightgrey
1876,0,Lightgrey
1877,0,Lightgrey
1878,0,Lightgrey
1879,0,Lightgrey
1880,0,Lightgrey
1881,0,Lightgrey
1882,0,Lightgrey
1883,0,Lightgrey
1884,0,Lightgrey
1885,0,Lightgrey
1886,0,Lightgrey
1887,0,Lightgrey
1888,0,Lightgrey
1889,0,Lightgrey
1890,0,Lightgrey
1891,0,Lightgrey
1892,0,Lightgrey
1893,0,Lightgrey
1894,0,Lightgrey
1895,0,Lightgrey
1896,0,Lightgrey
1897,0,Lightgrey
1898,0,Lightgrey
1899,0,Lightgrey
1900,0,Lightgrey
1901,0,Lightgrey
1902,0,Lightgrey
1903,0,Lightgrey
1904,0,Lightgrey
1905,0,Lightgrey
1906,0,Lightgrey
1907,0,Lightgrey
1908,0,Lightgrey
1909,0,Lightgrey
1910,0,Lightgrey
1911,0,Lightgrey
1912,0,Lightgrey
1913,0,Lightgrey
1914,0,Lightgrey
1915,0,Lightgrey
1916,0,Lightgrey
1917,0,Lightgrey
1918,0,Lightgrey
1919,0,Lightgrey
1920,0,Lightgrey
1921,0,Lightgrey
1922,0,Lightgrey
1923,0,Lightgrey
1924,0,Lightgrey
1925,0,Lightgrey
1926,0,Lightgrey
1927,0,Lightgrey
1928,0,Lightgrey
1929,0,Lightgrey
1930,0,Lightgrey
1931,0,Lightgrey
1932,0,Lightgrey
1933,0,Lightgrey
1934,0,Lightgrey
1935,0,Lightgrey
1936,0,Lightgrey
1937,0,Lightgrey
1938,0,Lightgrey
1939,0,Lightgrey
1940,0,Lightgrey
1941,0,Lightgrey
1942,0,Lightgrey
1943,0,Lightgrey
1944,0,Lightgrey
1945,0,Lightgrey
1946,0,Lightgrey
1947,0,Lightgrey
1948,0,Lightgrey
1949,0,Lightgrey
1950,0,Lightgrey
1951,0,Lightgrey
1952,0,Lightgrey
1953,0,Lightgrey
1954,0,Lightgrey
1955,0,Lightgrey
1956,0,Lightgrey
1957,0,Lightgrey
1958,0,Lightgrey
1959,0,Lightgrey
1960,0,Lightgrey
1961,0,Lightgrey
1962,0,Lightgrey
1963,0,Lightgrey
1964,0,Lightgrey
1965,0,Lightgrey
1966,0,Lightgrey
1967,0,Lightgrey
1968,0,Lightgrey
1969,0,Lightgrey
1970,0,Lightgrey
1971,0,Lightgrey
1972,0,Lightgrey
1973,0,Lightgrey
1974,0,Lightgrey
1975,0,Lightgrey
1976,0,Lightgrey
1977,0,Lightgrey
1978,0,Lightgrey
1979,0,Lightgrey
1980,0,Lightgrey
1981,0,Lightgrey
1982,0,Lightgrey
1983,0,Lightgrey
1984,0,Lightgrey
1985,0,Lightgrey
1986,0,Lightgrey
1987,0,Lightgrey
1988,0,Lightgrey
1989,0,Lightgrey
1990,0,Lightgrey
1991,0,Lightgrey
1992,0,Lightgrey
1993,0,Lightgrey
1994,0,Lightgrey
1995,0,Lightgrey
1996,0,Lightgrey
1997,0,Lightgrey
1998,0,Lightgrey
1999,0,Lightgrey
2000,0,Lightgrey
2001,0,Lightgrey
2002,0,Lightgrey
2003,0,Lightgrey
2004,0,Lightgrey
2005,0,Lightgrey
2006,0,Lightgrey
2007,0,Lightgrey
2008,0,Lightgrey
2009,0,Lightgrey
2010,0,Lightgrey
2011,0,Lightgrey
2012,0,Lightgrey
2013,0,Lightgrey
2014,0,Lightgrey
2015,0,Lightgrey
2016,0,Lightgrey
2017,0,Lightgrey
2018,0,Lightgrey
2019,0,Lightgrey
2020,0,Lightgrey
2021,0,Lightgrey
2022,0,Lightgrey
2023,0,Lightgrey
2024,0,Lightgrey
2025,0,Lightgrey
2026,0,Lightgrey
2027,0,Lightgrey
2028,0,Lightgrey
2029,0,Lightgrey
2030,0,Lightgrey
2031,0,Lightgrey
2032,0,Lightgrey
2033,0,Lightgrey
2034,0,Lightgrey
2035,0,Lightgrey
2036,0,Lightgrey
2037,0,Lightgrey
2038,0,Lightgrey
2039,0,Lightgrey
2040,0,Lightgrey
2041,0,Lightgrey
2042,0,Lightgrey
2043,0,Lightgrey
2044,0,Lightgrey
2045,0,Lightgrey
2046,0,Lightgrey
2047,0,Lightgrey
2048,0,Lightgrey
2049,0,Lightgrey
2050,0,Lightgrey
2051,0,Lightgrey
2052,0,Lightgrey
2053,0,Lightgrey
2054,0,Lightgrey
2055,0,Lightgrey
2056,0,Lightgrey
2057,0,Lightgrey
2058,0,Lightgrey
2059,0,Lightgrey
2060,0,Lightgrey
2061,0,Lightgrey
2062,0,Lightgrey
2063,0,Lightgrey
2064,0,Lightgrey
2065,0,Lightgrey
2066,0,Lightgrey
2067,0,Lightgrey
2068,0,Lightgrey
2069,0,Lightgrey
2070,0,Lightgrey
2071,0,Lightgrey
2072,0,Lightgrey
2073,0,Lightgrey
2074,0,Lightgrey
2075,0,Lightgrey
2076,0,Lightgrey
2077,0,Lightgrey
2078,0,Lightgrey
2079,0,Lightgrey
2080,0,Lightgrey
2081,0,Lightgrey
2082,0,Lightgrey
2083,0,Lightgrey
2084,0,Lightgrey
2085,0,Lightgrey
2086,0,Lightgrey
2087,0,Lightgrey
2088,0,Lightgrey
2089,0,Lightgrey
2090,0,Lightgrey
2091,0,Lightgrey
2092,0,Lightgrey
2093,0,Lightgrey
2094,0,Lightgrey
2095,0,Lightgrey
2096,0,Lightgrey
2097,0,Lightgrey
2098,0,Lightgrey
2099,0,Lightgrey
2100,0,Lightgrey
2101,0,Lightgrey
2102,0,Lightgrey
2103,0,Lightgrey
2104,0,Lightgrey
2105,0,Lightgrey
2106,0,Lightgrey
2107,0,Lightgrey
2108,0,Lightgrey
2109,0,Lightgrey
2110,0,Lightgrey
2111,0,Lightgrey
2112,0,Lightgrey
2113,0,Lightgrey
2114,0,Lightgrey
2115,0,Lightgrey
2116,0,Lightgrey
2117,0,Lightgrey
2118,0,Lightgrey
2119,0,Lightgrey
2120,0,Lightgrey
2121,0,Lightgrey
2122,0,Lightgrey
2123,0,Lightgrey
2124,0,Lightgrey
2125,0,Lightgrey
2126,0,Lightgrey
2127,0,Lightgrey
2128,0,Lightgrey
2129,0,Lightgrey
2130,0,Lightgrey
2131,0,Lightgrey
2132,0,Lightgrey
2133,0,Lightgrey
2134,0,Lightgrey
2135,0,Lightgrey
2136,0,Lightgrey
2137,0,Lightgrey
2138,0,Lightgrey
2139,0,Lightgrey
2140,0,Lightgrey
2141,0,Lightgrey
2142,0,Lightgrey
2143,0,Lightgrey
2144,0,Lightgrey
2145,0,Lightgrey
2146,0,Lightgrey
2147,0,Lightgrey
2148,0,Lightgrey
2149,0,Lightgrey
2150,0,Lightgrey
2151,0,Lightgrey
2152,0,Lightgrey
2153,0,Lightgrey
2154,0,Lightgrey
2155,0,Lightgrey
2156,0,Lightgrey
2157,0,Lightgrey
2158,0,Lightgrey
2159,0,Lightgrey
2160,0,Lightgrey
2161,0,Lightgrey
2162,0,Lightgrey
2163,0,Lightgrey
2164,0,Lightgrey
2165,0,Lightgrey
2166,0,Lightgrey
2167,0,Lightgrey
2168,0,Lightgrey
2169,0,Lightgrey
2170,0,Lightgrey
2171,0,Lightgrey
2172,0,Lightgrey
2173,0,Lightgrey
2174,0,Lightgrey
2175,0,Lightgrey
2176,0,Lightgrey
2177,0,Lightgrey
2178,0,Lightgrey
2179,0,Lightgrey
2180,0,Lightgrey
2181,0,Lightgrey
2182,0,Lightgrey
2183,0,Lightgrey
2184,0,Lightgrey
2185,0,Lightgrey
2186,0,Lightgrey
2187,0,Lightgrey
2188,0,Lightgrey
2189,0,Lightgrey
2190,0,Lightgrey
2191,0,Lightgrey
2192,0,Lightgrey
2193,0,Lightgrey
2194,0,Lightgrey
2195,0,Lightgrey
2196,0,Lightgrey
2197,0,Lightgrey
2198,0,Lightgrey
2199,0,Lightgrey
2200,0,Lightgrey
2201,0,Lightgrey
2202,0,Lightgrey
2203,0,Lightgrey
2204,0,Lightgrey
2205,0,Lightgrey
2206,0,Lightgrey
2207,0,Lightgrey
2208,0,Lightgrey
2209,0,Lightgrey
2210,0,Lightgrey
2211,0,Lightgrey
2212,0,Lightgrey
2213,0,Lightgrey
2214,0,Lightgrey
2215,0,Lightgrey
2216,0,Lightgrey
2217,0,Lightgrey
2218,0,Lightgrey
2219,0,Lightgrey
2220,0,Lightgrey
2221,0,Lightgrey
2222,0,Lightgrey
2223,0,Lightgrey
2224,0,Lightgrey
2225,0,Lightgrey
2226,0,Lightgrey
2227,0,Lightgrey
2228,0,Lightgrey
2229,0,Lightgrey
2230,0,Lightgrey
2231,0,Lightgrey
2232,0,Lightgrey
2233,0,Lightgrey
2234,0,Lightgrey
2235,0,Lightgrey
2236,0,Lightgrey
2237,0,Lightgrey
2238,0,Lightgrey
2239,0,Lightgrey
2240,0,Lightgrey
2241,0,Lightgrey
2242,0,Lightgrey
2243,0,Lightgrey
2244,0,Lightgrey
2245,0,Lightgrey
2246,0,Lightgrey
2247,0,Lightgrey
2248,0,Lightgrey
2249,0,Lightgrey
2250,0,Lightgrey
2251,0,Lightgrey
2252,0,Lightgrey
2253,0,Lightgrey
2254,0,Lightgrey
2255,0,Lightgrey
2256,0,Lightgrey
2257,0,Lightgrey
2258,0,Lightgrey
2259,0,Lightgrey
2260,0,Lightgrey
2261,0,Lightgrey
2262,0,Lightgrey
2263,0,Lightgrey
2264,0,Lightgrey
2265,0,Lightgrey
2266,0,Lightgrey
2267,0,Lightgrey
2268,0,Lightgrey
2269,0,Lightgrey
2270,0,Lightgrey
2271,0,Lightgrey
2272,0,Lightgrey
2273,0,Lightgrey
2274,0,Lightgrey
2275,0,Lightgrey
2276,0,Lightgrey
2277,0,Lightgrey
2278,0,Lightgrey
2279,0,Lightgrey
2280,0,Lightgrey
2281,0,Lightgrey
2282,0,Lightgrey
2283,0,Lightgrey
2284,0,Lightgrey
2285,0,Lightgrey
2286,0,Lightgrey
2287,0,Lightgrey
2288,0,Lightgrey
2289,0,Lightgrey
2290,0,Lightgrey
2291,0,Lightgrey
2292,0,Lightgrey
2293,0,Lightgrey
2294,0,Lightgrey
2295,0,Lightgrey
2296,0,Lightgrey
2297,0,Lightgrey
2298,0,Lightgrey
2299,0,Lightgrey
2300,0,Lightgrey
2301,0,Lightgrey
2302,0,Lightgrey
2303,0,Lightgrey
2304,0,Lightgrey
2305,0,Lightgrey
2306,0,Lightgrey
2307,0,Lightgrey
2308,0,Lightgrey
2309,0,Lightgrey
2310,0,Lightgrey
2311,0,Lightgrey
2312,0,Lightgrey
2313,0,Lightgrey
2314,0,Lightgrey
2315,0,Lightgrey
2316,0,Lightgrey
2317,0,Lightgrey
2318,0,Lightgrey
2319,0,Lightgrey
2320,0,Lightgrey
2321,0,Lightgrey
2322,0,Lightgrey
2323,0,Lightgrey
2324,0,Lightgrey
2325,0,Lightgrey
2326,0,Lightgrey
2327,0,Lightgrey
2328,0,Lightgrey
2329,0,Lightgrey
2330,0,Lightgrey
2331,0,Lightgrey
2332,0,Lightgrey
2333,0,Lightgrey
2334,0,Lightgrey
2335,0,Lightgrey
2336,0,Lightgrey
2337,0,Lightgrey
2338,0,Lightgrey
2339,0,Lightgrey
2340,0,Lightgrey
2341,0,Lightgrey
2342,0,Lightgrey
2343,0,Lightgrey
2344,0,Lightgrey
2345,0,Lightgrey
2346,0,Lightgrey
2347,0,Lightgrey
2348,0,Lightgrey
2349,0,Lightgrey
2350,0,Lightgrey
2351,0,Lightgrey
2352,0,Lightgrey
2353,0,Lightgrey
2354,0,Lightgrey
2355,0,Lightgrey
2356,0,Lightgrey
2357,0,Lightgrey
2358,0,Lightgrey
2359,0,Lightgrey
2360,0,Lightgrey
2361,0,Lightgrey
2362,0,Lightgrey
2363,0,Lightgrey
2364,0,Lightgrey
2365,0,Lightgrey
2366,0,Lightgrey
2367,0,Lightgrey
2368,0,Lightgrey
2369,0,Lightgrey
2370,0,Lightgrey
2371,0,Lightgrey
2372,0,Lightgrey
2373,0,Lightgrey
2374,0,Lightgrey
2375,0,Lightgrey
2376,0,Lightgrey
2377,0,Lightgrey
2378,0,Lightgrey
2379,0,Lightgrey
2380,0,Lightgrey
2381,0,Lightgrey
2382,0,Lightgrey
2383,0,Lightgrey
2384,0,Lightgrey
2385,0,Lightgrey
2386,0,Lightgrey
2387,0,Lightgrey
2388,0,Lightgrey
2389,0,Lightgrey
2390,0,Lightgrey
2391,0,Lightgrey
2392,0,Lightgrey
2393,0,Lightgrey
2394,0,Lightgrey
2395,0,Lightgrey
2396,0,Lightgrey
2397,0,Lightgrey
2398,0,Lightgrey
2399,0,Lightgrey
2400,0,Lightgrey
2401,0,Lightgrey
2402,0,Lightgrey
2403,0,Lightgrey
2404,0,Lightgrey
2405,0,Lightgrey
2406,0,Lightgrey
2407,0,Lightgrey
2408,0,Lightgrey
2409,0,Lightgrey
2410,0,Lightgrey
2411,0,Lightgrey
2412,0,Lightgrey
2413,0,Lightgrey
2414,0,Lightgrey
2415,0,Lightgrey
2416,0,Lightgrey
2417,0,Lightgrey
2418,0,Lightgrey
2419,0,Lightgrey
2420,0,Lightgrey
2421,0,Lightgrey
2422,0,Lightgrey
2423,0,Lightgrey
2424,0,Lightgrey
2425,0,Lightgrey
2426,0,Lightgrey
2427,0,Lightgrey
2428,0,Lightgrey
2429,0,Lightgrey
2430,0,Lightgrey
2431,0,Lightgrey
2432,0,Lightgrey
2433,0,Lightgrey
2434,0,Lightgrey
2435,0,Lightgrey
2436,0,Lightgrey
2437,0,Lightgrey
2438,0,Lightgrey
2439,0,Lightgrey
2440,0,Lightgrey
2441,0,Lightgrey
2442,0,Lightgrey
2443,0,Lightgrey
2444,0,Lightgrey
2445,0,Lightgrey
2446,0,Lightgrey
2447,0,Lightgrey
2448,0,Lightgrey
2449,0,Lightgrey
2450,0,Lightgrey
2451,0,Lightgrey
2452,0,Lightgrey
2453,0,Lightgrey
2454,0,Lightgrey
2455,0,Lightgrey
2456,0,Lightgrey
2457,0,Lightgrey
2458,0,Lightgrey
2459,0,Lightgrey
2460,0,Lightgrey
2461,0,Lightgrey
2462,0,Lightgrey
2463,0,Lightgrey
2464,0,Lightgrey
2465,0,Lightgrey
2466,0,Lightgrey
2467,0,Lightgrey
2468,0,Lightgrey
2469,0,Lightgrey
2470,0,Lightgrey
2471,0,Lightgrey
2472,0,Lightgrey
2473,0,Lightgrey
2474,0,Lightgrey
2475,0,Lightgrey
2476,0,Lightgrey
2477,0,Lightgrey
2478,0,Lightgrey
2479,0,Lightgrey
2480,0,Lightgrey
2481,0,Lightgrey
2482,0,Lightgrey
2483,0,Lightgrey
2484,0,Lightgrey
2485,0,Lightgrey
2486,0,Lightgrey
2487,0,Lightgrey
2488,0,Lightgrey
2489,0,Lightgrey
2490,0,Lightgrey
2491,0,Lightgrey
2492,0,Lightgrey
2493,0,Lightgrey
2494,0,Lightgrey
2495,0,Lightgrey
2496,0,Lightgrey
2497,0,Lightgrey
2498,0,Lightgrey
2499,0,Lightgrey
2500,0,Lightgrey
2501,0,Lightgrey
2502,0,Lightgrey
2503,0,Lightgrey
2504,0,Lightgrey
2505,0,Lightgrey
2506,0,Lightgrey
2507,0,Lightgrey
2508,0,Lightgrey
2509,0,Lightgrey
2510,0,Lightgrey
2511,0,Lightgrey
2512,0,Lightgrey
2513,0,Lightgrey
2514,0,Lightgrey
2515,0,Lightgrey
2516,0,Lightgrey
2517,0,Lightgrey
2518,0,Lightgrey
2519,0,Lightgrey
2520,0,Lightgrey
2521,0,Lightgrey
2522,0,Lightgrey
2523,0,Lightgrey
2524,0,Lightgrey
2525,0,Lightgrey
2526,0,Lightgrey
2527,0,Lightgrey
2528,0,Lightgrey
2529,0,Lightgrey
2530,0,Lightgrey
2531,0,Lightgrey
2532,0,Lightgrey
2533,0,Lightgrey
2534,0,Lightgrey
2535,0,Lightgrey
2536,0,Lightgrey
2537,0,Lightgrey
2538,0,Lightgrey
2539,0,Lightgrey
2540,0,Lightgrey
2541,0,Lightgrey
2542,0,Lightgrey
2543,0,Lightgrey
2544,0,Lightgrey
2545,0,Lightgrey
2546,0,Lightgrey
2547,0,Lightgrey
2548,0,Lightgrey
2549,0,Lightgrey
2550,0,Lightgrey
2551,0,Lightgrey
2552,0,Lightgrey
2553,0,Lightgrey
2554,0,Lightgrey
2555,0,Lightgrey
2556,0,Lightgrey
2557,0,Lightgrey
2558,0,Lightgrey
2559,0,Lightgrey
2560,0,Lightgrey
2561,0,Lightgrey
2562,0,Lightgrey
2563,0,Lightgrey
2564,0,Lightgrey
2565,0,Lightgrey
2566,0,Lightgrey
2567,0,Lightgrey
2568,0,Lightgrey
2569,0,Lightgrey
2570,0,Lightgrey
2571,0,Lightgrey
2572,0,Lightgrey
2573,0,Lightgrey
2574,0,Lightgrey
2575,0,Lightgrey
2576,0,Lightgrey
2577,0,Lightgrey
2578,0,Lightgrey
2579,0,Lightgrey
2580,0,Lightgrey
2581,0,Lightgrey
2582,0,Lightgrey
2583,0,Lightgrey
2584,0,Lightgrey
2585,0,Lightgrey
2586,0,Lightgrey
2587,0,Lightgrey
2588,0,Lightgrey
2589,0,Lightgrey
2590,0,Lightgrey
2591,0,Lightgrey
2592,0,Lightgrey
2593,0,Lightgrey
2594,0,Lightgrey
2595,0,Lightgrey
2596,0,Lightgrey
2597,0,Lightgrey
2598,0,Lightgrey
2599,0,Lightgrey
2600,0,Lightgrey
2601,0,Lightgrey
2602,0,Lightgrey
2603,0,Lightgrey
2604,0,Lightgrey
2605,0,Lightgrey
2606,0,Lightgrey
2607,0,Lightgrey
2608,0,Lightgrey
2609,0,Lightgrey
2610,0,Lightgrey
2611,0,Lightgrey
2612,0,Lightgrey
2613,0,Lightgrey
2614,0,Lightgrey
2615,0,Lightgrey
2616,0,Lightgrey
2617,0,Lightgrey
2618,0,Lightgrey
2619,0,Lightgrey
2620,0,Lightgrey
2621,0,Lightgrey
2622,0,Lightgrey
2623,0,Lightgrey
2624,0,Lightgrey
2625,0,Lightgrey
2626,0,Lightgrey
2627,0,Lightgrey
2628,0,Lightgrey
2629,0,Lightgrey
2630,0,Lightgrey
2631,0,Lightgrey
2632,0,Lightgrey
2633,0,Lightgrey
2634,0,Lightgrey
2635,0,Lightgrey
2636,0,Lightgrey
2637,0,Lightgrey
2638,0,Lightgrey
2639,0,Lightgrey
2640,0,Lightgrey
2641,0,Lightgrey
2642,0,Lightgrey
2643,0,Lightgrey
2644,0,Lightgrey
2645,0,Lightgrey
2646,0,Lightgrey
2647,0,Lightgrey
2648,0,Lightgrey
2649,0,Lightgrey
2650,0,Lightgrey
2651,0,Lightgrey
2652,0,Lightgrey
2653,0,Lightgrey
2654,0,Lightgrey
2655,0,Lightgrey
2656,0,Lightgrey
2657,0,Lightgrey
2658,0,Lightgrey
2659,0,Lightgrey
2660,0,Lightgrey
2661,0,Lightgrey
2662,0,Lightgrey
2663,0,Lightgrey
2664,0,Lightgrey
2665,0,Lightgrey
2666,0,Lightgrey
2667,0,Lightgrey
2668,0,Lightgrey
2669,0,Lightgrey
2670,0,Lightgrey
2671,0,Lightgrey
2672,0,Lightgrey
2673,0,Lightgrey
2674,0,Lightgrey
2675,0,Lightgrey
2676,0,Lightgrey
2677,0,Lightgrey
2678,0,Lightgrey
2679,0,Lightgrey
2680,0,Lightgrey
2681,0,Lightgrey
2682,0,Lightgrey
2683,0,Lightgrey
2684,0,Lightgrey
2685,0,Lightgrey
2686,0,Lightgrey
2687,0,Lightgrey
2688,0,Lightgrey
2689,0,Lightgrey
2690,0,Lightgrey
2691,0,Lightgrey
2692,0,Lightgrey
2693,0,Lightgrey
2694,0,Lightgrey
2695,0,Lightgrey
2696,0,Lightgrey
2697,0,Lightgrey
2698,0,Lightgrey
2699,0,Lightgrey
2700,0,Lightgrey